The Stack Overflow Podcast,https://stackoverflow.blog/podcast/
Podcast.__init__,https://www.pythonpodcast.com/
The Machine Learning Podcast,https://www.themachinelearningpodcast.com/
Data Engineering Podcast,https://www.dataengineeringpodcast.com/
The Real Python Podcast,https://realpython.com/podcasts/rpp/
The Changelog,https://changelog.com/podcast
Test & Code in Python,https://testandcode.com/
Talk Python To Me,https://talkpython.fm/
The Rustacean Station Podcast,https://rustacean-station.org/
Python Bytes,https://pythonbytes.fm/
Practical AI,https://changelog.com/practicalai
Open Source Startup Podcast,https://podcasts.google.com/search/Open%20Source%20Startup%20Podcast
MLOps.community,https://podcast.mlops.community/
Gradient Dissent,https://podcast.wandb.com/